﻿state,x,y
Andhra Pradesh,-68,-150
Assam,197,110
Arunachal Pradesh,233,167
Bihar,60,92
Goa,-184,-145
Gujarat,-222,33
Jammu And Kashmir,-125,289
Jharkhand,52,51
West Bengal,118,36
Karnataka,-140,-163
Kerala,-130,-245
Madhya Pradesh,-94,30
Maharashtra,-146,-50
Manipur,238,77
Meghalaya,166,89
Mizoram,240,37
Nagaland,260,116
Orissa,45,-21
Punjab,-150,200
Rajasthan,-178,112
Sikkim,115,112
Tamil Nadu,-70,-240
Telangana,-71,-90
Tripura,182,51
Uttaranchal,-66,185
Uttar Pradesh,-33,122
Hariyana,-125,167
Himachal Pradesh,-103,223
Chhattisgarh,-20,-14
